<?xml version="1.0" encoding="UTF-8"?>
<beans xmlns="http://www.springframework.org/schema/beans"
	xmlns:xsi="http://www.w3.org/2001/XMLSchema-instance"
	xmlns:ctx="http://www.springframework.org/schema/context"
	xsi:schemaLocation="http://www.springframework.org/schema/beans 
	http://www.springframework.org/schema/beans/spring-beans-2.5.xsd
	http://www.springframework.org/schema/context
	http://www.springframework.org/schema/context/spring-context-2.5.xsd ">
	
	<ctx:annotation-config></ctx:annotation-config>
	<ctx:component-scan base-package="com.cognizant.*"></ctx:component-scan>
	
	<bean class="org.springframework.web.servlet.view.InternalResourceViewResolver">
	<property name="prefix" value="/WEB-INF/jsp/"/>
	<property name="suffix" value=".jsp"></property>
	</bean>
	
	<bean id="propertyplaceholder" class="org.springframework.beans.factory.config.PropertyPlaceholderConfigurer">
	<property name="location" value="classpath:dbInfo.properties"/>
	</bean>
	
	<bean id="datasource" class="com.cognizant.helper.DataSource">
	<property name="driver" value="${driver}"></property>
	<property name="url" value="${url}"></property>
	<property name="username" value="${username}"></property>
	<property name="password" value="${password}"></property>
	</bean>
	
	<bean id="productquery" class="com.cognizant.helper.ProductQuery">
	<property name="selectAllProductsQuery" value="select * from products"></property>
	<property name="selectProductCategoryName" value="select category_name from Product_Categories"></property>
	<property name="insertProduct" value="insert into products values (?,?,?,?,?,?)"></property>
	<property name="checkProduct" value="select * from products where product_id=? OR product_category=?"></property>
	</bean>
	<bean id="messageSource" class="org.springframework.context.support.ReloadableResourceBundleMessageSource">
	<property name="basenames">
	<list>
	<value>WEB-INF/Resources/error</value>
	
	</list>
	</property>
	</bean>
	<bean id="drivermanagerdatasource"  class="org.springframework.jdbc.datasource.DriverManagerDataSource">
	<property name="driverClassName" value="com.mysql.jdbc.Driver"/>
	<property name="url" value="jdbc:mysql://localhost:3306/grizzly"/>
	<property name="username" value="root"></property>
	<property name="password" value="508417"></property>
	</bean>
	
	
	
	<bean id="entityManagerFactory"	class="org.springframework.orm.jpa.LocalContainerEntityManagerFactoryBean">
		<property name="dataSource" ref="drivermanagerdatasource"></property>
		<property name="persistenceUnitName" value="jpa" />   
		<property name="jpaVendorAdapter">
			<bean class="org.springframework.orm.jpa.vendor.HibernateJpaVendorAdapter">
			<property name="database" value="ORACLE" />
			<property name="showSql" value="true" />   
			</bean>
		</property>
		
		<property name="jpaDialect">
      	<bean class="org.springframework.orm.jpa.vendor.HibernateJpaDialect"/>
   		 </property>
		<property name="jpaProperties">
			<props>
				<prop key="hibernate.archive.autodetection">class</prop>
				 <prop key="hibernate.hbm2ddl.auto">update</prop> 
			</props>
		</property>
		</bean>

	
	
	<bean id="hibernate3AnnotatedSessionFactory"
		class="org.springframework.orm.hibernate3.annotation.AnnotationSessionFactoryBean">
		<property name="dataSource" ref="drivermanagerdatasource" />
		<property name="annotatedClasses">
			<list>
				<value>com.cognizant.entity.User</value>
				<value>com.cognizant.entity.Product</value>
			</list>
		</property>
		<property name="hibernateProperties">
			<props>
				<prop key="hibernate.dialect">org.hibernate.dialect.OracleDialect</prop>
				<prop key="hibernate.current_session_context_class">thread</prop>
				<prop key="hibernate.show_sql">true</prop>
				<prop key="hibernate.format_sql">true</prop>
				<prop key="hibernate.hbm2ddl.auto">update</prop>
			</props>
		</property>
	</bean>
	
	
	
</beans>
